Pinned,Order ID,Reminders,Origin Port,Destination Port,ETA Final Destination Port with Variance,Exceptions,Mode,Transport Status,Customs Status,Import Customs Status,Export Customs Status,ETD Origin Port with Variance,Shipper (Supplier),Consignee (Importer),URL
false,Billy Test 05/11 - Can De,0,100 Mile House (One Hundred Mile House) (CAHOS),10th of Ramadan City (EGTRC),"May 25, 2023",1,Ocean,PENDING,,Pending,Pending,"May 18, 2023",CLARK CUTLERY,CLARK CUTLERY,https://demo.logixboard.com/shipments/8820c242-faa9-48da-94d8-251890474243
false,,0,London (GBLON),Newark (USEWR),"May 27, 2023",1,Ocean,PENDING,,Pending,Pending,"May 20, 2023",CLARK CUTLERY,RESTAURANT SUPPLY,https://demo.logixboard.com/shipments/1ee6d97e-ceca-4ed7-bee1-113056fe68af
false,,0,Shanghai Hongqiao International Apt (CNSHA),Newark (USEWR),"Jun 19, 2023",0,Ocean,IN_TRANSIT,,Pending,Pending,"Feb 20, 2023",COMMERCIAL KITCHENWARES,RESTAURANT SUPPLY,https://demo.logixboard.com/shipments/f5cc97bd-cf36-459c-b917-229a8c0c5157
false,,0,Shanghai Hongqiao International Apt (CNSHA),Newark (USEWR),"Jun 19, 2023",0,Ocean,IN_TRANSIT,,Pending,Pending,"Feb 20, 2023",COMMERCIAL KITCHENWARES,RESTAURANT SUPPLY,https://demo.logixboard.com/shipments/238704d3-2ed5-4b33-8483-be5e089a6d9e
false,,0,Shanghai Hongqiao International Apt (CNSHA),Newark (USEWR),"Jun 19, 2023",0,Ocean,IN_TRANSIT,,Pending,Pending,"Feb 20, 2023",COMMERCIAL KITCHENWARES,RESTAURANT SUPPLY,https://demo.logixboard.com/shipments/ef774b31-9185-4404-a71f-c903bf92a874
false,,0,Shanghai Hongqiao International Apt (CNSHA),Newark (USEWR),"Jun 19, 2023",0,Ocean,IN_TRANSIT,,Pending,Pending,"Feb 20, 2023",COMMERCIAL KITCHENWARES,RESTAURANT SUPPLY,https://demo.logixboard.com/shipments/0093fbb7-67db-4b17-bb6f-1c086597706b
false,,0,Shanghai Hongqiao International Apt (CNSHA),Newark (USEWR),"Jun 19, 2023",0,Ocean,IN_TRANSIT,,Pending,Pending,"Feb 20, 2023",COMMERCIAL KITCHENWARES,RESTAURANT SUPPLY,https://demo.logixboard.com/shipments/a0e78cd7-2582-40ba-ade0-0f3aac502db4
false,,0,Shanghai Hongqiao International Apt (CNSHA),Newark (USEWR),"Jun 19, 2023",0,Ocean,IN_TRANSIT,,Pending,Pending,"Feb 20, 2023",COMMERCIAL KITCHENWARES,RESTAURANT SUPPLY,https://demo.logixboard.com/shipments/0a46fb3c-3ee6-4e64-b1e7-9e43f77220f1
false,,0,London (GBLON),Newark (USEWR),"Apr 07, 2023",1,Ocean,IN_TRANSIT,,Pending,Pending,"Feb 15, 2023",CLARK CUTLERY,RESTAURANT SUPPLY,https://demo.logixboard.com/shipments/4c0f9fc0-fc9f-4611-a6e0-14384de0fc22
true,,0,Shanghai Hongqiao International Apt (CNSHA),Newark (USEWR),"Jun 10, 2023",0,Ocean,IN_TRANSIT,,Pending,Pending,"Feb 20, 2023",COMMERCIAL KITCHENWARES,RESTAURANT SUPPLY,https://demo.logixboard.com/shipments/a3a7c876-e75a-453f-800d-e6daba33c12c
false,,0,Shanghai Hongqiao International Apt (CNSHA),Newark (USEWR),"Jun 10, 2023",0,Ocean,IN_TRANSIT,,Pending,Pending,"Feb 20, 2023",COMMERCIAL KITCHENWARES,RESTAURANT SUPPLY,https://demo.logixboard.com/shipments/47679bd0-7db5-4295-8609-1e0bb3328e20
false,,0,Shanghai Hongqiao International Apt (CNSHA),Newark (USEWR),"Jun 10, 2023",0,Ocean,IN_TRANSIT,,Pending,Pending,"Feb 20, 2023",COMMERCIAL KITCHENWARES,RESTAURANT SUPPLY,https://demo.logixboard.com/shipments/67a8f5a8-0ff0-40b0-ae60-3d79aa3fee2f
false,,0,Shanghai Hongqiao International Apt (CNSHA),Newark (USEWR),"Jun 10, 2023",0,Ocean,IN_TRANSIT,,Pending,Pending,"Feb 20, 2023",COMMERCIAL KITCHENWARES,RESTAURANT SUPPLY,https://demo.logixboard.com/shipments/c7ddc66d-a3c9-4eb0-bd61-1f55ca3bd2e0
false,,0,Shanghai Hongqiao International Apt (CNSHA),Newark (USEWR),"Jun 10, 2023",0,Ocean,IN_TRANSIT,,Pending,Pending,"Feb 20, 2023",COMMERCIAL KITCHENWARES,RESTAURANT SUPPLY,https://demo.logixboard.com/shipments/2868e775-abb1-4bf4-8e7e-286ad5afc8c1
false,,0,Shanghai Hongqiao International Apt (CNSHA),Newark (USEWR),"Jun 10, 2023",0,Ocean,IN_TRANSIT,,Pending,Pending,"Feb 20, 2023",COMMERCIAL KITCHENWARES,RESTAURANT SUPPLY,https://demo.logixboard.com/shipments/3a415e13-ce66-494f-809c-87e8396be2e5
false,,0,Shanghai Hongqiao International Apt (CNSHA),Newark (USEWR),"Jun 01, 2023",0,Ocean,IN_TRANSIT,,Pending,Pending,"Feb 20, 2023",COMMERCIAL KITCHENWARES,RESTAURANT SUPPLY,https://demo.logixboard.com/shipments/7ed45b02-59db-4553-b328-63aab32a02d6
false,,0,Shanghai Hongqiao International Apt (CNSHA),Newark (USEWR),"Jun 01, 2023",0,Ocean,IN_TRANSIT,,Pending,Pending,"Feb 20, 2023",COMMERCIAL KITCHENWARES,RESTAURANT SUPPLY,https://demo.logixboard.com/shipments/f3e8aed5-a4c5-47be-9503-40ada05ef0d4
false,,0,Shanghai Hongqiao International Apt (CNSHA),Newark (USEWR),"Jun 01, 2023",0,Ocean,IN_TRANSIT,,Pending,Pending,"Feb 20, 2023",COMMERCIAL KITCHENWARES,RESTAURANT SUPPLY,https://demo.logixboard.com/shipments/56b34c68-91b8-44d2-895f-3a77b79e1bd3
false,,0,Shanghai Hongqiao International Apt (CNSHA),Newark (USEWR),"Jun 01, 2023",0,Ocean,IN_TRANSIT,,Pending,Pending,"Feb 20, 2023",COMMERCIAL KITCHENWARES,RESTAURANT SUPPLY,https://demo.logixboard.com/shipments/65c48e72-f9b2-4aae-8b39-6bf21b0eeace
false,,0,Shanghai Hongqiao International Apt (CNSHA),Newark (USEWR),"Jun 01, 2023",0,Ocean,IN_TRANSIT,,Pending,Pending,"Feb 20, 2023",COMMERCIAL KITCHENWARES,RESTAURANT SUPPLY,https://demo.logixboard.com/shipments/afb97843-35d3-41ab-8338-5600a650658c
false,,0,Shanghai Hongqiao International Apt (CNSHA),Newark (USEWR),"Jun 01, 2023",0,Ocean,IN_TRANSIT,,Pending,Pending,"Feb 20, 2023",COMMERCIAL KITCHENWARES,RESTAURANT SUPPLY,https://demo.logixboard.com/shipments/8937efbb-35ec-4c52-ae1f-6e3d6bb50b9d
false,,0,Shanghai Hongqiao International Apt (CNSHA),Newark (USEWR),"Jun 01, 2023",0,Ocean,IN_TRANSIT,,Pending,Pending,"Feb 20, 2023",COMMERCIAL KITCHENWARES,RESTAURANT SUPPLY,https://demo.logixboard.com/shipments/fb661902-856c-48bf-9885-044f353b2451
false,,0,Gioia Tauro (ITGIT),Newark (USEWR),"May 25, 2023",1,Ocean,AT_ORIGIN_PORT,,Pending,Pending,"Feb 28, 2023",SICILIAN FINE WINES,RESTAURANT SUPPLY,https://demo.logixboard.com/shipments/bd26648d-6fdd-44a0-bdd1-94d22c9b83cd
false,,0,Laem Chabang (THLCH),Boston (USBOS),"May 22, 2023",0,Ocean,PENDING,,Pending,Pending,"Mar 07, 2023",SILK ROAD SPICES,RESTAURANT SUPPLY,https://demo.logixboard.com/shipments/6e29d67a-f266-4989-869f-535fe9a830f6
false,,0,Gioia Tauro (ITGIT),Newark (USEWR),"May 25, 2023",1,Ocean,AT_ORIGIN_PORT,,Pending,Pending,"Feb 28, 2023",SICILIAN FINE WINES,RESTAURANT SUPPLY,https://demo.logixboard.com/shipments/8162343c-18b9-4ae1-a4cb-6ea508d82cef
false,,0,Gioia Tauro (ITGIT),Newark (USEWR),"May 25, 2023",1,Ocean,AT_ORIGIN_PORT,,Pending,Pending,"Feb 28, 2023",SICILIAN FINE WINES,RESTAURANT SUPPLY,https://demo.logixboard.com/shipments/1c5bdb4b-53f7-4ff4-adba-ff2dec5ff28a
false,,0,Gioia Tauro (ITGIT),Newark (USEWR),"May 25, 2023",1,Ocean,AT_ORIGIN_PORT,,Pending,Pending,"Feb 28, 2023",SICILIAN FINE WINES,RESTAURANT SUPPLY,https://demo.logixboard.com/shipments/af3b87af-54fe-4eaf-8447-4f1c975758b1
false,,0,Laem Chabang (THLCH),Boston (USBOS),"May 30, 2023",0,Ocean,OUT_FOR_DELIVERY,,Pending,Pending,"Apr 05, 2023",SILK ROAD SPICES,RESTAURANT SUPPLY,https://demo.logixboard.com/shipments/c4bd5e3b-8d1f-45e7-a3c1-60ed6c775d8f
false,,0,Laem Chabang (THLCH),Boston (USBOS),"May 30, 2023",0,Ocean,OUT_FOR_DELIVERY,,Pending,Pending,"Apr 05, 2023",SILK ROAD SPICES,RESTAURANT SUPPLY,https://demo.logixboard.com/shipments/d0249ccd-e7db-43eb-8162-65ce99f112bc
false,,0,Laem Chabang (THLCH),Boston (USBOS),"May 30, 2023",0,Ocean,OUT_FOR_DELIVERY,,Pending,Pending,"Apr 05, 2023",SILK ROAD SPICES,RESTAURANT SUPPLY,https://demo.logixboard.com/shipments/eef1364d-0f25-4603-aee9-f022a1b2ed4d
false,,0,Yantian Pt (CNYTN),Oakland (USOAK),"Apr 07, 2023",2,Ocean,AT_ORIGIN_PORT,,Pending,Pending,"Mar 03, 2023",SILK ROAD SPICES,RESTAURANT SUPPLY,https://demo.logixboard.com/shipments/132f7ba3-abad-4e22-9c08-f3ce9b780eb0
false,,0,Laem Chabang (THLCH),Boston (USBOS),"May 30, 2023",0,Ocean,PENDING,,Pending,Pending,"Mar 07, 2023",SILK ROAD SPICES,RESTAURANT SUPPLY,https://demo.logixboard.com/shipments/6751c1ab-b686-4da7-9a1a-7390760789ba
false,,0,Laem Chabang (THLCH),Boston (USBOS),"May 30, 2023",0,Ocean,PENDING,,Pending,Pending,"Mar 07, 2023",SILK ROAD SPICES,RESTAURANT SUPPLY,https://demo.logixboard.com/shipments/bd6a09b8-75e6-4940-a1fa-17ba527f5be8
false,,0,Laem Chabang (THLCH),Boston (USBOS),"May 30, 2023",0,Ocean,PENDING,,Pending,Pending,"Mar 07, 2023",SILK ROAD SPICES,RESTAURANT SUPPLY,https://demo.logixboard.com/shipments/18b1e38e-322a-4a05-8fba-cff162113098
false,,0,Laem Chabang (THLCH),Boston (USBOS),"May 29, 2023",0,Ocean,OUT_FOR_DELIVERY,,Pending,Pending,"Apr 05, 2023",SILK ROAD SPICES,RESTAURANT SUPPLY,https://demo.logixboard.com/shipments/6b42c2a2-45f9-4dcc-abc7-115d59479c1b
false,,0,Laem Chabang (THLCH),Boston (USBOS),"May 31, 2023",0,Ocean,OUT_FOR_DELIVERY,,Pending,Pending,"Apr 05, 2023",SILK ROAD SPICES,RESTAURANT SUPPLY,https://demo.logixboard.com/shipments/9f592bc5-7bbd-4423-b3f6-fd33e2466244
false,,0,Laem Chabang (THLCH),Boston (USBOS),"May 29, 2023",0,Ocean,OUT_FOR_DELIVERY,,Pending,Pending,"Apr 05, 2023",SILK ROAD SPICES,RESTAURANT SUPPLY,https://demo.logixboard.com/shipments/90f9a950-f029-4929-a50d-c83b3efcd1bb
false,,0,Laem Chabang (THLCH),Boston (USBOS),"May 29, 2023",0,Ocean,OUT_FOR_DELIVERY,,Pending,Pending,"Apr 05, 2023",SILK ROAD SPICES,RESTAURANT SUPPLY,https://demo.logixboard.com/shipments/6a6c11d5-902f-4993-90c4-12b2bb5e90ca
false,,0,Laem Chabang (THLCH),Boston (USBOS),"May 17, 2023",0,Ocean,OUT_FOR_DELIVERY,,Pending,Pending,"Apr 05, 2023",SILK ROAD SPICES,RESTAURANT SUPPLY,https://demo.logixboard.com/shipments/0f44ed91-105d-4a6e-850d-d71c6072cbcd
false,337213-1,0,London (GBLON),New York (USNYC),"Apr 07, 2023",2,Ocean,AT_ORIGIN_PORT,,Pending,Pending,"Feb 24, 2023",CLARK CUTLERY,RESTAURANT SUPPLY,https://demo.logixboard.com/shipments/25d09e23-727a-448a-9044-188d30e97ae4
false,,0,Laem Chabang (THLCH),Boston (USBOS),"May 17, 2023",0,Ocean,OUT_FOR_DELIVERY,,Pending,Pending,"Apr 05, 2023",SILK ROAD SPICES,RESTAURANT SUPPLY,https://demo.logixboard.com/shipments/6691009d-fe53-4b1a-8d2e-270478dc8111
false,,0,Laem Chabang (THLCH),Boston (USBOS),"Jun 04, 2023",0,Ocean,OUT_FOR_DELIVERY,,Pending,Pending,"Apr 05, 2023",SILK ROAD SPICES,RESTAURANT SUPPLY,https://demo.logixboard.com/shipments/30444141-0d0b-4c4c-8c32-2948e73deb50
false,,0,Laem Chabang (THLCH),Boston (USBOS),"Jun 04, 2023",0,Ocean,OUT_FOR_DELIVERY,,Pending,Pending,"Apr 05, 2023",SILK ROAD SPICES,RESTAURANT SUPPLY,https://demo.logixboard.com/shipments/9919942f-3e9c-4755-a5d8-40a61288ee4f
false,,0,Laem Chabang (THLCH),Boston (USBOS),"Jun 04, 2023",0,Ocean,OUT_FOR_DELIVERY,,Pending,Pending,"Apr 05, 2023",SILK ROAD SPICES,RESTAURANT SUPPLY,https://demo.logixboard.com/shipments/968b2d2b-dd6f-4c47-b7cd-4a36c709ac76
false,"PO, 55555",0,Newark (USEWR),Thamesport (GBTHP),"Jul 09, 2023",0,Ocean,PENDING,,Pending,Pending,"Apr 28, 2023",RESTAURANT SUPPLY,CLARK CUTLERY,https://demo.logixboard.com/shipments/cc03948a-54df-47a3-98f8-bf55360a391a
false,,0,Shanghai (CNSGH),Southampton (GBSOU),"Jul 09, 2023",0,Ocean,DELIVERED,,Pending,Pending,"May 02, 2023",RESTAURANT SUPPLY,RESTAURANT SUPPLY,https://demo.logixboard.com/shipments/cfd89b56-3b5d-40ec-930c-e98dd294dd20
false,,0,Gioia Tauro (ITGIT),Newark (USEWR),"Jul 09, 2023",1,Ocean,AT_ORIGIN_PORT,,Pending,Pending,"May 01, 2023",SICILIAN FINE WINES,RESTAURANT SUPPLY,https://demo.logixboard.com/shipments/e1da32b3-5bed-4fae-b4d6-bd409abd016b
false,,0,Muhammad Bin Qasim/Karachi (PKBQM),Charleston (USCHS),"Apr 13, 2023",1,Ocean,RELEASED_FOR_DELIVERY,,Pending,Pending,"Feb 03, 2023",SILK ROAD SPICES,RESTAURANT SUPPLY,https://demo.logixboard.com/shipments/2d2ed4e8-bd7f-4ff0-ad60-d1457d4f3768
false,PO# 1234789,0,100 Mile House (One Hundred Mile House) (CAHOS),150 Mile House (CAMHS),"May 17, 2023",1,Ocean,PENDING,,Pending,Pending,"May 15, 2023",SILK ROAD SPICES,CLARK CUTLERY,https://demo.logixboard.com/shipments/91e71010-7f83-4749-9da3-64ae4489f643
false,PO394653,0,Shanghai Pt (CNSHG),Dallas (USDAL),"Apr 04, 2023",1,Ocean,RELEASED_FOR_DELIVERY,,Pending,Pending,"Feb 03, 2023",COMMERCIAL KITCHENWARES,RESTAURANT SUPPLY,https://demo.logixboard.com/shipments/e6010278-43fc-4521-8df8-6fc83a0bde88
false,,0,London (GBLON),Newark (USEWR),"Apr 07, 2023",1,Ocean,PENDING,,Pending,Pending,,CLARK CUTLERY,RESTAURANT SUPPLY,https://demo.logixboard.com/shipments/0a393abe-35c4-4efd-a886-eefa1ab5e0c8
false,Billy Test 123,0,100 Mile House (One Hundred Mile House) (CAHOS),10th of Ramadan City (EGTRC),"Jun 08, 2023",0,Road,PENDING,,Pending,Pending,"May 18, 2023",SHANGHAI FURNITURE LIMITED COMPANY,RESTAURANT SUPPLY,https://demo.logixboard.com/shipments/f5fdd98d-ac01-4079-a12a-1d4a580e2d4c
false,RestSupply123,0,100 Mile House (One Hundred Mile House) (CAHOS),150 Mile House (CAMHS),"Apr 07, 2023",2,Ocean,PENDING,,Pending,Pending,"Apr 03, 2023",RESTAURANT SUPPLY,SHANGHAI FURNITURE LIMITED COMPANY,https://demo.logixboard.com/shipments/c47faba3-626f-4997-a463-5cc2b18c26af
true,,0,Shanghai Hongqiao International Apt (CNSHA),Newark (USEWR),"May 29, 2023",1,Ocean,IN_TRANSIT,,Pending,Pending,"Feb 20, 2023",COMMERCIAL KITCHENWARES,RESTAURANT SUPPLY,https://demo.logixboard.com/shipments/ec595470-27bd-4a68-acea-fb2e7801c651
false,,0,Yantian Pt (CNYTN),Newark (USEWR),"May 23, 2023",0,Ocean,IN_TRANSIT,,Pending,Pending,"Mar 02, 2023",SILK ROAD SPICES,RESTAURANT SUPPLY,https://demo.logixboard.com/shipments/6f0b5efe-247e-47c7-bfca-886f28109757
false,,0,Laem Chabang (THLCH),Boston (USBOS),"Jun 07, 2023",0,Ocean,PENDING,,Pending,Pending,"Apr 12, 2023",SILK ROAD SPICES,RESTAURANT SUPPLY,https://demo.logixboard.com/shipments/1f09a902-c4c3-4866-86e9-d5c135e2ed3a
false,,0,Shanghai Hongqiao International Apt (CNSHA),Newark (USEWR),"May 29, 2023",1,Ocean,IN_TRANSIT,,Pending,Pending,"Feb 20, 2023",COMMERCIAL KITCHENWARES,RESTAURANT SUPPLY,https://demo.logixboard.com/shipments/50228861-5961-4d72-9283-656bd7ad2f1b
false,,0,Yantian Pt (CNYTN),Newark (USEWR),"May 23, 2023",0,Ocean,DELIVERED,,Pending,Pending,"Mar 02, 2023",SILK ROAD SPICES,RESTAURANT SUPPLY,https://demo.logixboard.com/shipments/e155d15d-52ff-40e8-ad61-5cc3ced199c1
false,,0,Laem Chabang (THLCH),Boston (USBOS),"Jun 12, 2023",0,Ocean,PENDING,,Pending,Pending,"May 02, 2023",SILK ROAD SPICES,RESTAURANT SUPPLY,https://demo.logixboard.com/shipments/75045ecb-002d-402b-af72-99b31d0363c2
true,,0,Fremantle (AUFRE),Houston (USHOU),"Jul 02, 2023",0,Ocean,IN_TRANSIT,,Pending,Pending,"Apr 29, 2023",AUSTRALIAN FINE WINES,RESTAURANT SUPPLY,https://demo.logixboard.com/shipments/c42c06c4-e74d-41ad-b7ac-ce0ed50b7dd9
false,,0,Shanghai Hongqiao International Apt (CNSHA),Newark (USEWR),"May 29, 2023",1,Ocean,IN_TRANSIT,,Pending,Pending,"Feb 20, 2023",COMMERCIAL KITCHENWARES,RESTAURANT SUPPLY,https://demo.logixboard.com/shipments/8ed74171-948e-4e99-bf08-a07f556fd535
false,,0,Yantian Pt (CNYTN),Newark (USEWR),"May 23, 2023",0,Ocean,IN_TRANSIT,,Pending,Pending,"Mar 02, 2023",SILK ROAD SPICES,RESTAURANT SUPPLY,https://demo.logixboard.com/shipments/97169923-82a4-4f43-9ce5-5df1b6ddb033
false,,0,Laem Chabang (THLCH),Boston (USBOS),"Jun 07, 2023",0,Ocean,PENDING,,Pending,Pending,"May 02, 2023",SILK ROAD SPICES,RESTAURANT SUPPLY,https://demo.logixboard.com/shipments/e878fdcc-3c6f-4fe1-9f0f-71579fe30acf
false,,0,Yantian Pt (CNYTN),Newark (USEWR),"May 31, 2023",0,Ocean,IN_TRANSIT,,Pending,Pending,"Mar 02, 2023",SILK ROAD SPICES,RESTAURANT SUPPLY,https://demo.logixboard.com/shipments/fb52b14c-4e3b-4b7d-8ed2-4db787f707e6
false,,0,Laem Chabang (THLCH),Boston (USBOS),"May 17, 2023",0,Ocean,RELEASED_FOR_DELIVERY,,Pending,Pending,"Apr 05, 2023",SILK ROAD SPICES,RESTAURANT SUPPLY,https://demo.logixboard.com/shipments/83d71f82-b9ee-4a0c-ba66-b4c132c359ff
false,,0,Laem Chabang (THLCH),Boston (USBOS),"Jun 07, 2023",0,Ocean,PENDING,,Pending,Pending,"May 02, 2023",SILK ROAD SPICES,RESTAURANT SUPPLY,https://demo.logixboard.com/shipments/44018b87-e4b0-4dde-9504-8c0b9689d020
false,,0,Yantian Pt (CNYTN),Newark (USEWR),"May 31, 2023",0,Ocean,IN_TRANSIT,,Pending,Pending,"Mar 02, 2023",SILK ROAD SPICES,RESTAURANT SUPPLY,https://demo.logixboard.com/shipments/a440d65e-fda8-4da6-9458-01ccaf580b7a
false,,0,Laem Chabang (THLCH),Boston (USBOS),"Jun 07, 2023",0,Ocean,PENDING,,Pending,Pending,"May 02, 2023",SILK ROAD SPICES,RESTAURANT SUPPLY,https://demo.logixboard.com/shipments/1f83f78b-0234-45aa-b793-e28de308732e
false,,0,Laem Chabang (THLCH),Boston (USBOS),"Jun 02, 2023",0,Ocean,PENDING,,Pending,Pending,"May 01, 2023",SILK ROAD SPICES,RESTAURANT SUPPLY,https://demo.logixboard.com/shipments/ad748e88-c7b0-4775-ac88-2f6f34a64e11
false,,0,100 Mile House (One Hundred Mile House) (CAHOS),10th of Ramadan City (EGTRC),"May 31, 2023",1,Ocean,PENDING,,Pending,Pending,"May 17, 2023",RESTAURANT SUPPLY,RESTAURANT SUPPLY,https://demo.logixboard.com/shipments/10619381-8644-4375-a0cd-4c6c636bcd4d
false,,0,Yantian Pt (CNYTN),Newark (USEWR),"May 31, 2023",0,Ocean,IN_TRANSIT,,Pending,Pending,"Mar 02, 2023",SILK ROAD SPICES,RESTAURANT SUPPLY,https://demo.logixboard.com/shipments/2d928f1b-ee25-4cb9-acca-4e324c395a6d
false,,0,Shanghai Hongqiao International Apt (CNSHA),Newark (USEWR),"May 29, 2023",1,Ocean,IN_TRANSIT,,Pending,Pending,"Feb 20, 2023",COMMERCIAL KITCHENWARES,RESTAURANT SUPPLY,https://demo.logixboard.com/shipments/65c3bdf4-c8e5-4b55-8e0a-450d2f391022
false,,0,Laem Chabang (THLCH),Boston (USBOS),"Jun 02, 2023",0,Ocean,PENDING,,Pending,Pending,"May 01, 2023",SILK ROAD SPICES,RESTAURANT SUPPLY,https://demo.logixboard.com/shipments/36acd532-21e8-4bee-998b-03f6a90dc54c
false,,0,Laem Chabang (THLCH),Boston (USBOS),"Jun 02, 2023",0,Ocean,PENDING,,Pending,Pending,"May 01, 2023",SILK ROAD SPICES,RESTAURANT SUPPLY,https://demo.logixboard.com/shipments/cca583b9-f131-4f41-88e0-e3eb6bf59f44
false,,0,Laem Chabang (THLCH),Boston (USBOS),"Jun 02, 2023",0,Ocean,PENDING,,Pending,Pending,"May 01, 2023",SILK ROAD SPICES,RESTAURANT SUPPLY,https://demo.logixboard.com/shipments/b967c61c-420c-4372-b79d-748cbbd01fdc
false,,0,Shanghai Hongqiao International Apt (CNSHA),Newark (USEWR),"May 29, 2023",1,Ocean,IN_TRANSIT,,Pending,Pending,"Feb 20, 2023",COMMERCIAL KITCHENWARES,RESTAURANT SUPPLY,https://demo.logixboard.com/shipments/6681b22c-5f5f-4175-95f8-c9dd586a9e82
false,,0,Shanghai Hongqiao International Apt (CNSHA),Newark (USEWR),"May 29, 2023",1,Ocean,IN_TRANSIT,,Pending,Pending,"Feb 20, 2023",COMMERCIAL KITCHENWARES,RESTAURANT SUPPLY,https://demo.logixboard.com/shipments/8a77fbba-c567-4780-842c-2f6985f43677
false,,0,Yantian Pt (CNYTN),Newark (USEWR),"Jun 21, 2023",0,Ocean,IN_TRANSIT,,Pending,Pending,"May 15, 2023",SILK ROAD SPICES,RESTAURANT SUPPLY,https://demo.logixboard.com/shipments/da7ec9d5-34e9-47d2-8ae7-633682897f6d
false,,0,Yantian Pt (CNYTN),Newark (USEWR),"Jun 21, 2023",0,Ocean,IN_TRANSIT,,Pending,Pending,"May 15, 2023",SILK ROAD SPICES,RESTAURANT SUPPLY,https://demo.logixboard.com/shipments/cdf8765d-c0ca-4e42-bb77-94fdd3c94d50
false,,0,Yantian Pt (CNYTN),Newark (USEWR),"Jun 21, 2023",0,Ocean,IN_TRANSIT,,Pending,Pending,"May 15, 2023",SILK ROAD SPICES,RESTAURANT SUPPLY,https://demo.logixboard.com/shipments/7f24873e-1c64-4566-b673-bc2d42fbbe96
false,,0,Chongqing (CNCQI),New York (USNYC),"Apr 11, 2023",1,Ocean,IN_TRANSIT,,Pending,Pending,"Feb 04, 2023",SOLAR SOLUTIONS,RESTAURANT SUPPLY,https://demo.logixboard.com/shipments/33c175b2-2b7d-4b67-866a-aa65adbab5f4
false,,0,Yantian Pt (CNYTN),Newark (USEWR),"Jun 21, 2023",0,Ocean,IN_TRANSIT,,Pending,Pending,"May 15, 2023",SILK ROAD SPICES,RESTAURANT SUPPLY,https://demo.logixboard.com/shipments/1d0e347f-cc13-4b91-92f6-46bf250b1a2d
false,,0,Yantian Pt (CNYTN),Newark (USEWR),"Jun 21, 2023",0,Ocean,IN_TRANSIT,,Pending,Pending,"May 15, 2023",SILK ROAD SPICES,RESTAURANT SUPPLY,https://demo.logixboard.com/shipments/64cd4874-041a-4af0-aeb2-6b3aa78600c0
false,,0,Yantian Pt (CNYTN),Newark (USEWR),"Jun 21, 2023",0,Ocean,IN_TRANSIT,,Pending,Pending,"Mar 15, 2023",SILK ROAD SPICES,RESTAURANT SUPPLY,https://demo.logixboard.com/shipments/dd0fdcef-83fa-4960-a48a-e39263d523c7
false,"PO# 456789, PO0219_AIR",0,100 Mile House (One Hundred Mile House) (CAHOS),Aach (DEA2H),"May 22, 2023",1,Ocean,PENDING,,Pending,Pending,"May 18, 2023",RESTAURANT SUPPLY,RESTAURANT SUPPLY,https://demo.logixboard.com/shipments/532fe181-c041-4aa7-9761-a64729d44009
false,,0,Laem Chabang (THLCH),Boston (USBOS),"Jun 12, 2023",0,Ocean,PENDING,,Pending,Pending,"May 01, 2023",SILK ROAD SPICES,RESTAURANT SUPPLY,https://demo.logixboard.com/shipments/f7e04015-bd96-427e-b1d7-08c65c060f3e
false,,0,Laem Chabang (THLCH),Boston (USBOS),"May 17, 2023",0,Ocean,OUT_FOR_DELIVERY,,Pending,Pending,"Apr 05, 2023",SILK ROAD SPICES,RESTAURANT SUPPLY,https://demo.logixboard.com/shipments/6a991da4-c63b-45d7-a0ce-7a0126d6d542
false,Billy Test Sobel - Can De,0,100 Mile House (One Hundred Mile House) (CAHOS),10th of Ramadan City (EGTRC),"Jun 07, 2023",0,Ocean,PENDING,,Pending,Pending,"May 31, 2023",RESTAURANT SUPPLY,RESTAURANT SUPPLY,https://demo.logixboard.com/shipments/b17dcea1-b5e2-4b61-8961-4097eba1b148
false,,0,Izmit (TRIZT),Chicago (USCHI),"Apr 07, 2023",2,Ocean,PENDING,,Pending,Pending,"Feb 24, 2023",CLARK CUTLERY,RESTAURANT SUPPLY,https://demo.logixboard.com/shipments/7fd0e349-407a-4a0c-bc87-6e19b098398f
false,,0,Closter/New Jersey (USCXR),Ashtead/London (GBAHE),"May 19, 2023",0,Ocean,AT_DESTINATION_PORT,,Pending,Pending,"May 01, 2023",CLARK CUTLERY,RESTAURANT SUPPLY,https://demo.logixboard.com/shipments/2a0eaa04-659c-4236-aa40-88d9f50c9a30
false,,0,Closter/New Jersey (USCXR),Ashtead/London (GBAHE),"May 19, 2023",0,Ocean,AT_DESTINATION_PORT,,Pending,Pending,"May 08, 2023",CLARK CUTLERY,RESTAURANT SUPPLY,https://demo.logixboard.com/shipments/8f27f1df-1ce0-4699-b736-ba240d6cea54
false,,0,Newark (USNWK),Veracruz (MXVER),"Apr 07, 2023",2,Ocean,PENDING,,Pending,Pending,"Feb 17, 2023",RESTAURANT SUPPLY,SUMINISTROS DE RESTAURANTE,https://demo.logixboard.com/shipments/4e77d6c8-642b-4fcf-8ef9-49e2242df43f
false,,0,Closter/New Jersey (USCXR),Ashtead/London (GBAHE),"May 17, 2023",0,Ocean,AT_DESTINATION_PORT,,Pending,Pending,"May 05, 2023",CLARK CUTLERY,RESTAURANT SUPPLY,https://demo.logixboard.com/shipments/279ef173-bd1c-4251-9fec-df23a24d54b9
false,EC PO#1234,0,100 Mile House (One Hundred Mile House) (CAHOS),10th of Ramadan City (EGTRC),"Apr 14, 2023",2,Ocean,PENDING,,Pending,Pending,"Apr 04, 2023",SILK ROAD SPICES,CLARK CUTLERY,https://demo.logixboard.com/shipments/4cf8f111-f130-4d34-8a26-b4d7a76bbcff
false,001821,0,Hong Kong (HKHKG),Boston (USBOS),"Jun 03, 2023",0,Air,IN_TRANSIT,,Pending,Pending,"May 31, 2023",SICILIAN FINE WINES,RESTAURANT SUPPLY,https://demo.logixboard.com/shipments/4bd3ad55-319f-4b2b-8484-44426597793c
false,001821,0,Quito (ECUIO),Dallas-Fort Worth Int Apt (USDFW),"May 31, 2023",0,Air,AT_DESTINATION_PORT,,Pending,Pending,"May 29, 2023",SICILIAN FINE WINES,RESTAURANT SUPPLY,https://demo.logixboard.com/shipments/ec5d8157-93b8-4f78-b407-087c21cb8b9b
false,,0,100 Mile House (One Hundred Mile House) (CAHOS),150 Mile House (CAMHS),"Jun 05, 2023",0,Air,PENDING,,Pending,Pending,"Jun 02, 2023",RESTAURANT SUPPLY,SUMINISTROS DE RESTAURANTE,https://demo.logixboard.com/shipments/133f7cf8-44c7-4d75-b583-c5485ca2bef9
false,857362,0,London (GBLON),Newark (USEWR),"Jun 13, 2023",0,Air,PENDING,,Pending,Pending,"Jun 09, 2023",CLARK CUTLERY,RESTAURANT SUPPLY,https://demo.logixboard.com/shipments/aeeda4d7-b126-4e33-af80-0f224e3e8ecd
false,,0,100 Mile House (One Hundred Mile House) (CAHOS),10th of Ramadan City (EGTRC),"Jun 05, 2023",0,Air,PENDING,,Pending,Pending,"May 31, 2023",SILK ROAD HOUSEWARES,RESTAURANT SUPPLY,https://demo.logixboard.com/shipments/ea393d67-cc54-4ae0-b679-81536f105319
false,12345,0,Newark (USEWR),Veracruz (MXVER),"Jun 09, 2023",0,Air,PENDING,,Pending,Pending,"Jun 06, 2023",RESTAURANT SUPPLY,SUMINISTROS DE RESTAURANTE,https://demo.logixboard.com/shipments/e54e01f8-0bef-4e76-85af-48937ab778bd
false,,0,Newark (USEWR),New York (USNYC),"Apr 11, 2023",1,Ocean,IN_TRANSIT,,Pending,Pending,"Feb 24, 2023",RESTAURANT SUPPLY,,https://demo.logixboard.com/shipments/fd1cca35-b34f-4162-ae85-3e30aad3fec8
false,,0,Long Beach (USLB3),Atlanta (USA2N),"Apr 08, 2023",2,Ocean,PENDING,,Pending,Pending,"Mar 25, 2023",SOLAR SOLUTIONS,RESTAURANT SUPPLY,https://demo.logixboard.com/shipments/9a8ba272-b84d-46b7-bfdb-a3162fa0bb22
false,,0,Newark (USEWR),London (GBLON),"May 04, 2023",2,Ocean,AT_ORIGIN_PORT,,Pending,Pending,"Mar 13, 2023",RESTAURANT SUPPLY,CLARK CUTLERY,https://demo.logixboard.com/shipments/069fa5f8-a7d7-423d-a9d2-835983f74048
false,,0,London (GBLON),Newark (USEWR),"Jun 24, 2023",0,Ocean,AT_DESTINATION_PORT,,Pending,Pending,"May 18, 2023",CLARK CUTLERY,RESTAURANT SUPPLY,https://demo.logixboard.com/shipments/44dd762b-0e27-4df0-b3ac-adf2666115bf
false,,0,London (GBLON),Newark (USEWR),"Jun 24, 2023",0,Ocean,AT_DESTINATION_PORT,,Pending,Pending,"May 18, 2023",CLARK CUTLERY,RESTAURANT SUPPLY,https://demo.logixboard.com/shipments/b5820dda-8ade-4ce1-b942-70c1b4abf16e
false,,0,London (GBLON),Newark (USEWR),"Jun 24, 2023",0,Ocean,AT_DESTINATION_PORT,,Pending,Pending,"May 18, 2023",CLARK CUTLERY,RESTAURANT SUPPLY,https://demo.logixboard.com/shipments/192aad83-6e01-426c-aa46-b7db98888efe
false,DS000334-3,0,Beijing Shoudu International Apt (CNPEK),Newark (USEWR),"Jun 02, 2023",0,Air,DELIVERED,,Pending,Cleared,"May 31, 2023",SILK ROAD HOUSEWARES,RESTAURANT SUPPLY,https://demo.logixboard.com/shipments/52351a93-b3f2-4088-b8da-5ef4e1635452
false,,0,Yantian Pt (CNYTN),Newark (USEWR),"Jun 27, 2023",0,Ocean,IN_TRANSIT,,Pending,Pending,"May 17, 2023",SILK ROAD SPICES,RESTAURANT SUPPLY,https://demo.logixboard.com/shipments/737e533f-2896-4eba-aef4-3391075b8c9b
false,,0,Yantian Pt (CNYTN),Newark (USEWR),"Jun 27, 2023",0,Ocean,IN_TRANSIT,,Pending,Pending,"May 17, 2023",SILK ROAD SPICES,RESTAURANT SUPPLY,https://demo.logixboard.com/shipments/7c0bca5f-4645-4374-a07e-b8048ce415ab
false,,0,Yantian Pt (CNYTN),Newark (USEWR),"Jun 27, 2023",0,Ocean,IN_TRANSIT,,Pending,Pending,"May 17, 2023",SILK ROAD SPICES,RESTAURANT SUPPLY,https://demo.logixboard.com/shipments/2619eae0-b94d-434a-9ee1-2fc87463222a
false,,0,Yantian Pt (CNYTN),Newark (USEWR),"Jun 27, 2023",0,Ocean,IN_TRANSIT,,Pending,Pending,"May 17, 2023",SILK ROAD SPICES,RESTAURANT SUPPLY,https://demo.logixboard.com/shipments/e7593d33-5117-48e5-9c51-0b7e9eab7abe
false,,0,Yantian Pt (CNYTN),Newark (USEWR),"Jun 27, 2023",0,Ocean,IN_TRANSIT,,Pending,Pending,"May 17, 2023",SILK ROAD SPICES,RESTAURANT SUPPLY,https://demo.logixboard.com/shipments/9d3aa80b-ccdb-4db9-9bf1-1ac23623565f
false,,0,Yantian Pt (CNYTN),Newark (USEWR),"Jun 27, 2023",0,Ocean,IN_TRANSIT,,Pending,Pending,"May 17, 2023",SILK ROAD SPICES,RESTAURANT SUPPLY,https://demo.logixboard.com/shipments/851c89c3-2b4e-4789-8364-dde3e4ba2529
false,,0,Yantian Pt (CNYTN),Newark (USEWR),"Jun 27, 2023",0,Ocean,IN_TRANSIT,,Pending,Pending,"May 17, 2023",SILK ROAD SPICES,RESTAURANT SUPPLY,https://demo.logixboard.com/shipments/5c13e35c-aebf-49ef-a1e6-5aabbcb8e2ec
false,,0,Yantian Pt (CNYTN),Newark (USEWR),"Jun 27, 2023",0,Ocean,IN_TRANSIT,,Pending,Pending,"May 17, 2023",SILK ROAD SPICES,RESTAURANT SUPPLY,https://demo.logixboard.com/shipments/47338e7a-2e81-4d36-b350-2c1739a003d1
false,,0,Yantian Pt (CNYTN),Newark (USEWR),"Jun 27, 2023",0,Ocean,IN_TRANSIT,,Pending,Pending,"May 17, 2023",SILK ROAD SPICES,RESTAURANT SUPPLY,https://demo.logixboard.com/shipments/df7ab328-b972-4e79-b92d-cfb85cd98a91
false,,0,Yantian Pt (CNYTN),Newark (USEWR),"Jun 27, 2023",0,Ocean,IN_TRANSIT,,Pending,Pending,"May 17, 2023",SILK ROAD SPICES,RESTAURANT SUPPLY,https://demo.logixboard.com/shipments/6034b361-fbbb-4a81-85e2-a909c83692bc
false,,0,Yantian Pt (CNYTN),Newark (USEWR),"Jun 27, 2023",0,Ocean,IN_TRANSIT,,Pending,Pending,"May 17, 2023",SILK ROAD SPICES,RESTAURANT SUPPLY,https://demo.logixboard.com/shipments/0878b1c4-c3dc-448d-b36c-177761b8b57c
false,,0,Yantian Pt (CNYTN),Newark (USEWR),"Jun 27, 2023",0,Ocean,IN_TRANSIT,,Pending,Pending,"May 17, 2023",SILK ROAD SPICES,RESTAURANT SUPPLY,https://demo.logixboard.com/shipments/dc3d73d8-06b8-4664-bde0-418c1f4c33b9
false,,0,Yantian Pt (CNYTN),Newark (USEWR),"Jun 27, 2023",0,Ocean,IN_TRANSIT,,Pending,Pending,"May 17, 2023",SILK ROAD SPICES,RESTAURANT SUPPLY,https://demo.logixboard.com/shipments/889951a9-76c5-4c4c-9b8e-e396fd8ef5be
false,,0,Yantian Pt (CNYTN),Newark (USEWR),"Jun 27, 2023",0,Ocean,IN_TRANSIT,,Pending,Pending,"May 17, 2023",SILK ROAD SPICES,RESTAURANT SUPPLY,https://demo.logixboard.com/shipments/d255b43c-931f-419f-89c0-52ab5e8011ab
false,,0,Yantian Pt (CNYTN),Newark (USEWR),"Jun 27, 2023",0,Ocean,IN_TRANSIT,,Pending,Pending,"May 17, 2023",SILK ROAD SPICES,RESTAURANT SUPPLY,https://demo.logixboard.com/shipments/9851532e-7d73-4b4c-bdc1-6074dd7a2677
false,,0,Shanghai (CNSGH),Ashtead/London (GBAHE),"May 06, 2023",2,Ocean,PENDING,,Pending,Pending,"Apr 08, 2023",SHANGHAI FURNITURE LIMITED COMPANY,CLARK CUTLERY,https://demo.logixboard.com/shipments/8be8ba6c-5a7f-40d0-9d81-198d3940ef21
false,PO394653,0,Montreal (CAMTR),Antwerpen (BEANR),"Apr 25, 2023",3,Ocean,AT_DESTINATION_PORT,,Pending,Pending,"Feb 11, 2023",COMMERCIAL KITCHENWARES,RESTAURANT SUPPLY,https://demo.logixboard.com/shipments/20c0f352-f34c-43b6-bac2-71543d51b5da
false,0019283-1,0,Yantian Pt (CNYTN),Dallas-Fort Worth Int Apt (USDFW),"Jun 16, 2023",1,Ocean,PENDING,,Pending,Pending,"May 06, 2023",SILK ROAD SPICES,RESTAURANT SUPPLY,https://demo.logixboard.com/shipments/5018eafc-5b1a-44cf-9e7f-15b2a1a567ae
false,,0,Laem Chabang (THLCH),Boston (USBOS),"May 02, 2023",0,Ocean,IN_TRANSIT,,Pending,Pending,"Mar 27, 2023",SILK ROAD SPICES,RESTAURANT SUPPLY,https://demo.logixboard.com/shipments/062d2d35-9198-407f-8982-7864057cab2b
false,,0,Laem Chabang (THLCH),Boston (USBOS),"Apr 19, 2023",1,Ocean,IN_TRANSIT,,Pending,Pending,"Mar 27, 2023",SILK ROAD SPICES,RESTAURANT SUPPLY,https://demo.logixboard.com/shipments/676821b9-6b1b-4dc6-9bf4-07ff39ccc506
false,PO # 33333 - RUSH,0,Vicenza (ITVIC),New York (USNYC),"May 31, 2023",1,Ocean,PENDING,,Pending,Pending,"May 05, 2023",SICILIAN FINE WINES,RESTAURANT SUPPLY,https://demo.logixboard.com/shipments/ae0b6979-1658-45bc-aaea-14fdf71534e0
false,,0,Karachi (PKKHI),New York (USNYC),"May 09, 2023",0,Ocean,DELIVERED,,Pending,Pending,"Feb 13, 2023",RESTAURANT SUPPLY,SHANGHAI FURNITURE LIMITED COMPANY,https://demo.logixboard.com/shipments/a246a8a5-8273-4aba-a868-ad1b8c56e126
false,89624-4,0,Beijing Shoudu International Apt (CNPEK),John F. Kennedy Apt/New York (USJFK),"Jun 13, 2023",0,Air,AT_DESTINATION_PORT,,Pending,Pending,"Jun 07, 2023",SILK ROAD HOUSEWARES,RESTAURANT SUPPLY,https://demo.logixboard.com/shipments/be779556-0269-4956-97b9-9cae4df8f3b3
false,Bily Janel Test - Can Del,0,100 Mile House (One Hundred Mile House) (CAHOS),10th of Ramadan City (EGTRC),"May 23, 2023",1,Ocean,PENDING,,Pending,Pending,"May 16, 2023",RESTAURANT SUPPLY,RESTAURANT SUPPLY,https://demo.logixboard.com/shipments/b5ff3c50-dab3-43ac-a4f1-b28ce73071f8
false,,0,Aalen (DEAAL),Aalborg (DKAAL),"May 25, 2023",1,Own Propulsion,PENDING,,Pending,Pending,"May 10, 2023",RESTAURANT SUPPLY,CLARK CUTLERY,https://demo.logixboard.com/shipments/e7a52cd8-970f-4cff-be5a-43cd0ceb7fe0
false,,0,London (GBLON),Newark (USEWR),"May 31, 2023",1,Ocean,PENDING,,Pending,Pending,"May 19, 2023",CLARK CUTLERY,RESTAURANT SUPPLY,https://demo.logixboard.com/shipments/c130b2ae-a1d1-472e-b368-10a7b1be8be6
false,,0,London (GBLON),Newark (USEWR),"May 31, 2023",1,Ocean,PENDING,,Pending,Pending,"May 22, 2023",CLARK CUTLERY,RESTAURANT SUPPLY,https://demo.logixboard.com/shipments/7501f05a-885e-4f7c-aa56-14ea6928ae75
true,,0,Ningbo Lishe International Apt (CNNGB),Los Angeles (USLAX),"Jun 07, 2023",1,Ocean,IN_TRANSIT,,Pending,Pending,"May 08, 2023",SILK ROAD HOUSEWARES,RESTAURANT SUPPLY,https://demo.logixboard.com/shipments/89b0e6bb-30a9-47ec-9e6c-6d479fbcd4cb
false,PO55555,0,Newark (USEWR),London (GBLON),"Jun 01, 2023",0,Ocean,PENDING,,Pending,Pending,"May 22, 2023",RESTAURANT SUPPLY,CLARK CUTLERY,https://demo.logixboard.com/shipments/4873bbff-e9bd-4afd-8235-7d607aa2cfc6
false,86971-3,0,Beijing Shoudu International Apt (CNPEK),Newark (USEWR),"Jun 13, 2023",0,Air,DELIVERED,,Pending,Pending,"Jun 07, 2023",SILK ROAD SPICES,RESTAURANT SUPPLY,https://demo.logixboard.com/shipments/615cc293-6ee5-4400-b9d3-8134c1af6b5e
true,,0,Tuticorin (INTUT),Los Angeles (USLAX),"May 19, 2023",2,Ocean,DELIVERED,,Pending,Pending,"Feb 16, 2023",SUMINISTROS DE RESTAURANTE,RESTAURANT SUPPLY,https://demo.logixboard.com/shipments/f9329a04-8bc8-495d-970f-2cc9c135a27f
false,,0,100 Mile House (One Hundred Mile House) (CAHOS),Newark (USEWR),"Jun 10, 2023",0,Air,PICKUP_IN_PROGRESS,,Pending,Pending,"Jun 07, 2023",CLARK CUTLERY,RESTAURANT SUPPLY,https://demo.logixboard.com/shipments/3bd49182-ba24-4384-9226-3f29cfd1dc10
false,,0,Ho Chi Minh City (VNSGN),Chicago (USCHI),"Jun 05, 2023",0,Ocean,IN_TRANSIT,,Pending,Pending,"May 08, 2023",SUMINISTROS DE RESTAURANTE,RESTAURANT SUPPLY,https://demo.logixboard.com/shipments/c5f4deca-0eb6-41ea-a92f-ec58d96fd46f
false,,0,Laem Chabang (THLCH),Boston (USBOS),"Jun 11, 2023",0,Ocean,RELEASED_FOR_DELIVERY,,Pending,Pending,"May 18, 2023",SILK ROAD SPICES,RESTAURANT SUPPLY,https://demo.logixboard.com/shipments/cc8525aa-4633-44cb-9596-5c984605dac1
false,,0,Laem Chabang (THLCH),Boston (USBOS),"Jun 11, 2023",0,Ocean,RELEASED_FOR_DELIVERY,,Pending,Pending,"May 18, 2023",SILK ROAD SPICES,RESTAURANT SUPPLY,https://demo.logixboard.com/shipments/1d578527-12e2-4de2-ac26-b25b9ab93cfd
false,,0,Laem Chabang (THLCH),Boston (USBOS),"Jun 11, 2023",0,Ocean,RELEASED_FOR_DELIVERY,,Pending,Pending,"May 18, 2023",SILK ROAD SPICES,RESTAURANT SUPPLY,https://demo.logixboard.com/shipments/e7ec3297-5371-45d1-ac7e-a16d5f153af4
false,,0,Laem Chabang (THLCH),Boston (USBOS),"Jun 11, 2023",0,Ocean,RELEASED_FOR_DELIVERY,,Pending,Pending,"May 18, 2023",SILK ROAD SPICES,RESTAURANT SUPPLY,https://demo.logixboard.com/shipments/ccefaad8-7db5-47b4-b0dc-b1c47418e7b3
false,,0,Laem Chabang (THLCH),Boston (USBOS),"Jul 04, 2023",0,Ocean,RELEASED_FOR_DELIVERY,,Pending,Pending,"May 18, 2023",SILK ROAD SPICES,RESTAURANT SUPPLY,https://demo.logixboard.com/shipments/c09547ee-834c-4aaa-b3b4-39cf03616f7d
false,,0,Laem Chabang (THLCH),Boston (USBOS),"Jun 11, 2023",0,Ocean,RELEASED_FOR_DELIVERY,,Pending,Pending,"May 18, 2023",SILK ROAD SPICES,RESTAURANT SUPPLY,https://demo.logixboard.com/shipments/2370be44-8950-43a0-8cd4-b41870f06baa
false,,0,Laem Chabang (THLCH),Boston (USBOS),"Jun 11, 2023",0,Ocean,RELEASED_FOR_DELIVERY,,Pending,Pending,"May 18, 2023",SILK ROAD SPICES,RESTAURANT SUPPLY,https://demo.logixboard.com/shipments/584518e4-8a0f-4f81-b5cf-fb20e5668ac8
false,,0,Laem Chabang (THLCH),Boston (USBOS),"Jul 04, 2023",0,Ocean,RELEASED_FOR_DELIVERY,,Pending,Pending,"May 18, 2023",SILK ROAD SPICES,RESTAURANT SUPPLY,https://demo.logixboard.com/shipments/05988157-f58d-4244-8a2e-0ee084cfdc0f
false,,0,Laem Chabang (THLCH),Boston (USBOS),"Jun 11, 2023",0,Ocean,RELEASED_FOR_DELIVERY,,Pending,Pending,"May 18, 2023",SILK ROAD SPICES,RESTAURANT SUPPLY,https://demo.logixboard.com/shipments/75599c37-65cf-492f-adbe-641aa81fbd4b
false,,0,Laem Chabang (THLCH),Boston (USBOS),"Jun 11, 2023",0,Ocean,RELEASED_FOR_DELIVERY,,Pending,Pending,"May 18, 2023",SILK ROAD SPICES,RESTAURANT SUPPLY,https://demo.logixboard.com/shipments/70574051-be53-451f-a7ac-7c8008f997a1
false,,0,Laem Chabang (THLCH),Boston (USBOS),"Jun 11, 2023",0,Ocean,RELEASED_FOR_DELIVERY,,Pending,Pending,"May 18, 2023",SILK ROAD SPICES,RESTAURANT SUPPLY,https://demo.logixboard.com/shipments/eae59200-f75b-44fb-8358-12ee006adc23
false,,0,Laem Chabang (THLCH),Boston (USBOS),"Jun 25, 2023",0,Ocean,RELEASED_FOR_DELIVERY,,Pending,Pending,"May 18, 2023",SILK ROAD SPICES,RESTAURANT SUPPLY,https://demo.logixboard.com/shipments/8409db70-856e-4a69-a062-364b4aa2e8c5
false,,0,Laem Chabang (THLCH),Boston (USBOS),"Jun 25, 2023",0,Ocean,RELEASED_FOR_DELIVERY,,Pending,Pending,"May 18, 2023",SILK ROAD SPICES,RESTAURANT SUPPLY,https://demo.logixboard.com/shipments/1b641717-562d-499a-a21c-c4a4c2bb4bd7
false,,0,Laem Chabang (THLCH),Boston (USBOS),"Jun 11, 2023",0,Ocean,RELEASED_FOR_DELIVERY,,Pending,Pending,"May 18, 2023",SILK ROAD SPICES,RESTAURANT SUPPLY,https://demo.logixboard.com/shipments/140a84ca-6b51-47ff-9f7e-487f39cd7790
false,,0,Laem Chabang (THLCH),Boston (USBOS),"May 05, 2023",0,Ocean,PENDING,,Pending,Pending,"Mar 07, 2023",SILK ROAD SPICES,RESTAURANT SUPPLY,https://demo.logixboard.com/shipments/1dde386b-48f0-44f6-9212-5d07aabe9a2b
false,,0,Laem Chabang (THLCH),Boston (USBOS),"May 05, 2023",0,Ocean,PENDING,,Pending,Pending,"Mar 07, 2023",SILK ROAD SPICES,RESTAURANT SUPPLY,https://demo.logixboard.com/shipments/5b2732b2-3dcf-46b5-98fc-3b659e7abf18
false,,0,Laem Chabang (THLCH),Boston (USBOS),"May 01, 2023",1,Ocean,PENDING,,Pending,Pending,"Mar 07, 2023",SILK ROAD SPICES,RESTAURANT SUPPLY,https://demo.logixboard.com/shipments/0ee59834-4ff2-47ad-8146-a3b80fa6b10f
false,,0,Laem Chabang (THLCH),Boston (USBOS),"May 03, 2023",0,Ocean,PENDING,,Pending,Pending,"Mar 07, 2023",SILK ROAD SPICES,RESTAURANT SUPPLY,https://demo.logixboard.com/shipments/6dc9be16-a33e-49ff-90b9-bae1c845c3b1
false,,0,Laem Chabang (THLCH),Boston (USBOS),"May 05, 2023",0,Ocean,PENDING,,Pending,Pending,"Mar 07, 2023",SILK ROAD SPICES,RESTAURANT SUPPLY,https://demo.logixboard.com/shipments/7ae95e27-babb-49e3-8970-ccd3aaedbf39
false,,0,Laem Chabang (THLCH),Boston (USBOS),"May 05, 2023",0,Ocean,PENDING,,Pending,Pending,"Mar 07, 2023",SILK ROAD SPICES,RESTAURANT SUPPLY,https://demo.logixboard.com/shipments/a03e04d3-daed-4008-9b5c-ca4a9f3172aa
false,,0,Laem Chabang (THLCH),Boston (USBOS),"May 05, 2023",0,Ocean,PENDING,,Pending,Pending,"Mar 07, 2023",SILK ROAD SPICES,RESTAURANT SUPPLY,https://demo.logixboard.com/shipments/5ac37f55-c48c-4d0e-8d9b-63fe7342989c
false,,0,Laem Chabang (THLCH),Boston (USBOS),"May 05, 2023",0,Ocean,PENDING,,Pending,Pending,"Mar 07, 2023",SILK ROAD SPICES,RESTAURANT SUPPLY,https://demo.logixboard.com/shipments/fb0aafd0-e61b-46e9-8a71-ad1bb59a727c
false,,0,Laem Chabang (THLCH),Boston (USBOS),"May 03, 2023",0,Ocean,PENDING,,Pending,Pending,"Mar 07, 2023",SILK ROAD SPICES,RESTAURANT SUPPLY,https://demo.logixboard.com/shipments/d99b5aca-001e-4703-81c1-627a3892217e
false,,0,Laem Chabang (THLCH),Boston (USBOS),"May 03, 2023",0,Ocean,PENDING,,Pending,Pending,"Mar 07, 2023",SILK ROAD SPICES,RESTAURANT SUPPLY,https://demo.logixboard.com/shipments/b9cf66f8-db1f-43ae-82fd-35afde85c0c2
false,,0,Laem Chabang (THLCH),Boston (USBOS),"May 05, 2023",0,Ocean,PENDING,,Pending,Pending,"Mar 07, 2023",SILK ROAD SPICES,RESTAURANT SUPPLY,https://demo.logixboard.com/shipments/6150692b-29b1-4353-9092-30ff66d1d520
false,,0,Laem Chabang (THLCH),Boston (USBOS),"May 01, 2023",1,Ocean,PENDING,,Pending,Pending,"Mar 07, 2023",SILK ROAD SPICES,RESTAURANT SUPPLY,https://demo.logixboard.com/shipments/18d29aa4-6ca3-4ebe-a55a-45d35301103d
false,,0,Laem Chabang (THLCH),Boston (USBOS),"May 01, 2023",1,Ocean,PENDING,,Pending,Pending,"Mar 07, 2023",SILK ROAD SPICES,RESTAURANT SUPPLY,https://demo.logixboard.com/shipments/46f5725a-ee1a-4d19-9a96-73a831b8ec56
false,,0,Laem Chabang (THLCH),Boston (USBOS),"May 02, 2023",0,Ocean,IN_TRANSIT,,Pending,Pending,"Mar 27, 2023",SILK ROAD SPICES,RESTAURANT SUPPLY,https://demo.logixboard.com/shipments/38d2d250-abca-4d14-b2e8-0e4934f6827f
false,,0,Laem Chabang (THLCH),Boston (USBOS),"Apr 19, 2023",1,Ocean,IN_TRANSIT,,Pending,Pending,"Mar 27, 2023",SILK ROAD SPICES,RESTAURANT SUPPLY,https://demo.logixboard.com/shipments/0098ee31-e9a6-408a-9f20-6a0f37de263e
false,,0,Laem Chabang (THLCH),Boston (USBOS),"May 03, 2023",0,Ocean,IN_TRANSIT,,Pending,Pending,"Mar 27, 2023",SILK ROAD SPICES,RESTAURANT SUPPLY,https://demo.logixboard.com/shipments/b7ccaa0b-cb6e-4648-a0d3-a49e4a755d36
false,,0,Laem Chabang (THLCH),Boston (USBOS),"Apr 19, 2023",1,Ocean,IN_TRANSIT,,Pending,Pending,"Mar 27, 2023",SILK ROAD SPICES,RESTAURANT SUPPLY,https://demo.logixboard.com/shipments/7ed838f4-70b7-4190-9e63-583e912575c6
false,,0,Laem Chabang (THLCH),Boston (USBOS),"Apr 19, 2023",1,Ocean,IN_TRANSIT,,Pending,Pending,"Mar 27, 2023",SILK ROAD SPICES,RESTAURANT SUPPLY,https://demo.logixboard.com/shipments/5a5dbd8f-03e9-4e54-8fee-cb7a501c95fa
false,,0,Laem Chabang (THLCH),Boston (USBOS),"Apr 19, 2023",1,Ocean,IN_TRANSIT,,Pending,Pending,"Mar 27, 2023",SILK ROAD SPICES,RESTAURANT SUPPLY,https://demo.logixboard.com/shipments/af9a1775-e4dc-4a38-a0c1-a3449a29c5dc
false,,0,Laem Chabang (THLCH),Boston (USBOS),"Apr 19, 2023",1,Ocean,IN_TRANSIT,,Pending,Pending,"Mar 27, 2023",SILK ROAD SPICES,RESTAURANT SUPPLY,https://demo.logixboard.com/shipments/db62b06a-b4d0-41dd-8cbd-61c37a8b5c8d
false,,0,Laem Chabang (THLCH),Boston (USBOS),"Apr 19, 2023",1,Ocean,IN_TRANSIT,,Pending,Pending,"Mar 27, 2023",SILK ROAD SPICES,RESTAURANT SUPPLY,https://demo.logixboard.com/shipments/681431e9-3795-4092-b473-c39b1ac1d072
false,,0,A'ali (BHAAL),Aadorf (CHARF),"May 31, 2023",1,Ocean,PENDING,,Pending,Pending,"May 22, 2023",SHANGHAI FURNITURE LIMITED COMPANY,CLARK CUTLERY,https://demo.logixboard.com/shipments/0c63b703-94a5-4beb-b34d-1024f429953b
false,,0,Muhammad Bin Qasim/Karachi (PKBQM),Charleston (USCHS),"May 04, 2023",1,Ocean,OUT_FOR_DELIVERY,,Pending,Pending,"Mar 11, 2023",COMMERCIAL KITCHENWARES,RESTAURANT SUPPLY,https://demo.logixboard.com/shipments/79fb24ec-4b05-4e79-93b0-9361e88d5351
false,,0,Melbourne (AUMEL),Chicago (USCHI),"May 17, 2023",2,Ocean,PENDING,,Pending,Pending,"Mar 26, 2023",SICILIAN FINE WINES,RESTAURANT SUPPLY,https://demo.logixboard.com/shipments/625bd4b3-0154-49af-9d57-5d726b90e60e
false,,0,Laem Chabang (THLCH),Boston (USBOS),"Jun 25, 2023",0,Ocean,RELEASED_FOR_DELIVERY,,Pending,Pending,"May 18, 2023",SILK ROAD SPICES,RESTAURANT SUPPLY,https://demo.logixboard.com/shipments/68c3be5a-2467-4a2d-9d53-55b939015f28
false,,0,Laem Chabang (THLCH),Boston (USBOS),"May 03, 2023",0,Ocean,PENDING,,Pending,Pending,"Mar 07, 2023",SILK ROAD SPICES,RESTAURANT SUPPLY,https://demo.logixboard.com/shipments/74823c65-1fbb-4016-ad01-ae8553d83810
false,,0,Laem Chabang (THLCH),Boston (USBOS),"Apr 19, 2023",1,Ocean,IN_TRANSIT,,Pending,Pending,"Mar 27, 2023",SILK ROAD SPICES,RESTAURANT SUPPLY,https://demo.logixboard.com/shipments/27df651d-35fb-452f-be78-1899d582c52c
false,,0,Laem Chabang (THLCH),Boston (USBOS),"Apr 19, 2023",1,Ocean,IN_TRANSIT,,Pending,Pending,"Mar 27, 2023",SILK ROAD SPICES,RESTAURANT SUPPLY,https://demo.logixboard.com/shipments/893d426a-f591-4f69-a40a-094babc47072
false,,0,Laem Chabang (THLCH),Boston (USBOS),"Apr 19, 2023",1,Ocean,IN_TRANSIT,,Pending,Pending,"Mar 27, 2023",SILK ROAD SPICES,RESTAURANT SUPPLY,https://demo.logixboard.com/shipments/0ce19363-2b82-4e02-96b6-5d05b1783535
false,,0,Laem Chabang (THLCH),Boston (USBOS),"Apr 19, 2023",1,Ocean,IN_TRANSIT,,Pending,Pending,"Mar 27, 2023",SILK ROAD SPICES,RESTAURANT SUPPLY,https://demo.logixboard.com/shipments/b0837d72-661c-4b0b-80d4-c9092885e77a
true,PO # 123456-HOT,0,Newark (USEWR),Liverpool (GBLIV),"Apr 21, 2023",2,Ocean,PENDING,,Pending,Pending,"Apr 15, 2023",RESTAURANT SUPPLY,CLARK CUTLERY,https://demo.logixboard.com/shipments/b1ac8522-b575-448b-ba71-a9f281565aa0
false,,0,Shanghai Hongqiao International Apt (CNSHA),Newark (USEWR),"Apr 28, 2023",2,Ocean,AT_ORIGIN_PORT,,Pending,Pending,"Feb 28, 2023",COMMERCIAL KITCHENWARES,RESTAURANT SUPPLY,https://demo.logixboard.com/shipments/abd64445-c1d4-45f8-be97-612461ea8efa
false,,0,China (JPCHI),Ballard/Seattle (USAFY),"May 26, 2023",1,Ocean,PENDING,,Pending,Pending,"May 22, 2023",CLARK CUTLERY,RESTAURANT SUPPLY,https://demo.logixboard.com/shipments/660901bd-d4b4-485b-8f5c-06d282709ecc
false,,0,100 Mile House (One Hundred Mile House) (CAHOS),10th of Ramadan City (EGTRC),"May 24, 2023",1,Ocean,PENDING,,Pending,Pending,"May 17, 2023",RESTAURANT SUPPLY,RESTAURANT SUPPLY,https://demo.logixboard.com/shipments/5e0429c5-3e6a-464e-b522-2c3e789cc25b
false,,0,China (USQZF),Ballard/Seattle (USAFY),"May 22, 2023",1,Ocean,PENDING,,Pending,Pending,"May 19, 2023",CLARK CUTLERY,RESTAURANT SUPPLY,https://demo.logixboard.com/shipments/72f0e33a-497c-4ac0-9503-ccf84c231150
false,,0,100 Mile House (One Hundred Mile House) (CAHOS),Aa en Hunze (NLAAH),"May 31, 2023",1,Ocean,PENDING,,Pending,Pending,"May 26, 2023",CLARK CUTLERY,RESTAURANT SUPPLY,https://demo.logixboard.com/shipments/fbcd3d34-ddc9-4a20-92b5-30c4be98ef73
false,,0,Laem Chabang (THLCH),Boston (USBOS),"Apr 19, 2023",1,Ocean,IN_TRANSIT,,Pending,Pending,"Mar 27, 2023",SILK ROAD SPICES,RESTAURANT SUPPLY,https://demo.logixboard.com/shipments/daca619a-8b8e-4437-8e5b-bf6505428187
false,EC PO 789456,0,100 Mile House (One Hundred Mile House) (CAHOS),Aachen (DEAAH),"Apr 28, 2023",2,Ocean,PENDING,,Pending,Pending,"Apr 17, 2023",RESTAURANT SUPPLY,SHANGHAI FURNITURE LIMITED COMPANY,https://demo.logixboard.com/shipments/3c46418d-b221-4b3f-b057-91079e13e3ec
false,,0,Laem Chabang (THLCH),Boston (USBOS),"May 22, 2023",0,Ocean,PENDING,,Pending,Pending,"Mar 07, 2023",SILK ROAD SPICES,RESTAURANT SUPPLY,https://demo.logixboard.com/shipments/586f0338-920d-4f33-b5cf-96701ea2ae9c
false,,0,Gioia Tauro (ITGIT),Newark (USEWR),"May 23, 2023",1,Ocean,AT_ORIGIN_PORT,,Pending,Pending,"Feb 28, 2023",SICILIAN FINE WINES,RESTAURANT SUPPLY,https://demo.logixboard.com/shipments/1f5c6f96-db54-4413-8888-439eaeb2d4a9
false,,0,Laem Chabang (THLCH),Boston (USBOS),"May 23, 2023",0,Ocean,PENDING,,Pending,Pending,"Mar 07, 2023",SILK ROAD SPICES,RESTAURANT SUPPLY,https://demo.logixboard.com/shipments/9909dc19-2b65-44ee-b4c8-a7e0b3cbbf68
false,,0,Yantian Pt (CNYTN),Newark (USEWR),"May 24, 2023",0,Ocean,IN_TRANSIT,,Pending,Pending,"Mar 02, 2023",SILK ROAD SPICES,RESTAURANT SUPPLY,https://demo.logixboard.com/shipments/72a90886-d08f-45d8-80e7-cfe832ea000c
false,,0,Yantian Pt (CNYTN),Newark (USEWR),"May 24, 2023",0,Ocean,IN_TRANSIT,,Pending,Pending,"Mar 02, 2023",SILK ROAD SPICES,RESTAURANT SUPPLY,https://demo.logixboard.com/shipments/bf4197f1-df0b-4685-9fc2-d100cb438c65
false,,0,Laem Chabang (THLCH),Boston (USBOS),"May 28, 2023",0,Ocean,OUT_FOR_DELIVERY,,Pending,Pending,"Apr 05, 2023",SILK ROAD SPICES,RESTAURANT SUPPLY,https://demo.logixboard.com/shipments/f0987407-5cf8-4b8f-b2cd-e0fc199a24bf
false,,0,Closter/New Jersey (USCXR),Ashtead/London (GBAHE),"May 21, 2023",0,Ocean,AT_DESTINATION_PORT,,Pending,Pending,"May 01, 2023",CLARK CUTLERY,RESTAURANT SUPPLY,https://demo.logixboard.com/shipments/3b57865a-c09b-436b-af0c-78de934e593f
false,,0,Closter/New Jersey (USCXR),Ashtead/London (GBAHE),"May 21, 2023",0,Ocean,AT_DESTINATION_PORT,,Pending,Pending,"May 01, 2023",CLARK CUTLERY,RESTAURANT SUPPLY,https://demo.logixboard.com/shipments/b3c9b7d3-7f41-4efa-a944-329ecbc2c31f
false,PO# EC123,0,100 Mile House (One Hundred Mile House) (CAHOS),150 Mile House (CAMHS),"May 05, 2023",1,Ocean,PENDING,,Pending,Pending,"Apr 28, 2023",RESTAURANT SUPPLY,RESTAURANT SUPPLY,https://demo.logixboard.com/shipments/e226813e-c130-415d-a996-b215f1ec9471
false,,0,Newark (USEWR),Heathrow Apt/London (GBLHR),"May 31, 2023",1,Ocean,PENDING,,Pending,Pending,"May 18, 2023",RESTAURANT SUPPLY,CLARK CUTLERY,https://demo.logixboard.com/shipments/e4ce4d32-506b-46b4-9af8-e9458305ba73
true,,0,Izmit (TRIZT),Norfolk (USORF),"May 29, 2023",0,Ocean,RELEASED_FOR_DELIVERY,,Pending,Pending,"Apr 29, 2023",SILK ROAD SPICES,RESTAURANT SUPPLY,https://demo.logixboard.com/shipments/1b58fab3-8e9b-4c6e-a4da-8b18c51d1189